dealer_id,dealer_name,region,total_jobs,closed_jobs,open_jobs,invalid_date_jobs,avg_cost_per_job_gbp,median_turnaround_days
D001,READING BRANCH,South East,376,369,5,2,267.060000,2
D002,OXFORD BRANCH,South East,355,351,3,1,232.050000,2
D003,GUILDFORD BRANCH,South East,733,725,4,4,246.910000,2
D004,BRIGHTON BRANCH,South East,318,310,5,3,269.470000,2
D005,MAIDSTONE BRANCH,South East,174,172,2,0,229.960000,1
D006,SOUTHAMPTON BRANCH,South East,735,714,13,8,274.040000,2
D007,PORTSMOUTH BRANCH,South East,399,392,4,3,237.570000,2
D008,MILTON KEYNES BRANCH,South East,372,365,3,4,261.170000,4
D009,CROYDON BRANCH,London,205,202,2,1,229.680000,2
D010,EALING BRANCH,London,347,341,4,2,257.560000,3
D011,ENFIELD BRANCH,London,373,365,5,3,274.320000,2
D012,ROMFORD BRANCH,London,738,718,15,5,205.840000,2
D013,BRISTOL BRANCH,South West,354,348,2,4,348.820000,2
D014,EXETER BRANCH,South West,737,727,6,4,259.710000,2
D015,PLYMOUTH BRANCH,South West,389,382,3,4,234.200000,2
D016,SWINDON BRANCH,South West,169,164,2,3,212.630000,2
D017,BATH BRANCH,South West,369,365,0,4,256.800000,2
D018,BIRMINGHAM BRANCH,Midlands,166,162,4,0,243.280000,2
D019,COVENTRY BRANCH,Midlands,694,685,5,4,263.500000,2
D020,LEICESTER BRANCH,Midlands,360,356,3,1,256.880000,2
D021,NOTTINGHAM BRANCH,Midlands,400,393,5,2,293.700000,2
D022,DERBY BRANCH,Midlands,325,321,4,0,247.650000,2
D023,WOLVERHAMPTON BRANCH,Midlands,675,664,6,5,234.140000,2
D024,STOKE BRANCH,Midlands,746,731,7,8,261.710000,2
D025,NORTHAMPTON BRANCH,Midlands,352,343,7,2,260.400000,2
D026,CAMBRIDGE BRANCH,East,180,174,3,3,272.960000,3
D027,NORWICH BRANCH,East,371,363,5,3,272.110000,2
D028,IPSWICH BRANCH,East,165,163,2,0,261.530000,3
D029,PETERBOROUGH BRANCH,East,174,173,0,1,283.480000,2
D030,MANCHESTER BRANCH,North West,376,371,4,1,226.380000,2
D031,LIVERPOOL BRANCH,North West,392,382,6,4,252.010000,2
D032,PRESTON BRANCH,North West,766,753,10,3,230.360000,2
D033,BOLTON BRANCH,North West,355,350,2,3,231.940000,2
D034,CHESTER BRANCH,North West,362,348,12,2,229.610000,3
D035,STOCKPORT BRANCH,North West,390,387,2,1,271.940000,2
D036,LEEDS BRANCH,North East,204,197,7,0,242.210000,2
D037,SHEFFIELD BRANCH,North East,156,152,3,1,230.290000,2
D038,YORK BRANCH,North East,369,363,4,2,231.490000,2
D039,NEWCASTLE BRANCH,North East,181,180,1,0,250.940000,2
D040,HULL BRANCH,North East,349,343,5,1,272.060000,2
D041,BRADFORD BRANCH,North East,380,374,6,0,308.630000,2
D042,SUNDERLAND BRANCH,North East,706,688,14,4,322.280000,2
D043,CARDIFF BRANCH,Wales,371,367,3,1,258.060000,2
D044,SWANSEA BRANCH,Wales,347,344,2,1,225.490000,2
D045,NEWPORT BRANCH,Wales,726,715,8,3,205.290000,2
D046,GLASGOW BRANCH,Scotland,713,700,8,5,264.540000,2
D047,EDINBURGH BRANCH,Scotland,384,378,5,1,238.870000,2
D048,ABERDEEN BRANCH,Scotland,160,157,1,2,235.920000,1
D049,DUNDEE BRANCH,Scotland,350,347,3,0,246.960000,2
D050,INVERNESS BRANCH,Scotland,212,209,2,1,250.890000,2
