make,age_band,tests,failure_rate_pct,age_band_order
VAUXHALL,5-6,314175,21.700000000000,3
FORD,7-9,963874,27.600000000000,4
TOYOTA,7-9,278792,19.800000000000,4
KIA,7-9,210975,23.900000000000,4
TESLA,7-9,5098,22.100000000000,4
TESLA,5-6,10018,18.200000000000,3
HYUNDAI,3-4,108306,13.500000000000,2
DACIA,Under 3,6269,10.700000000000,1
SKODA,7-9,190204,21.600000000000,4
TOYOTA,5-6,204625,15.600000000000,3
TOYOTA,10+,757088,35.500000000000,5
TESLA,10+,236,23.700000000000,5
FORD,5-6,575024,18.900000000000,3
DACIA,7-9,63769,35.700000000000,4
NISSAN,Under 3,27286,10.200000000000,1
NISSAN,10+,672957,44.200000000000,5
SKODA,10+,259887,35.400000000000,5
HYUNDAI,10+,280487,40.800000000000,5
KIA,10+,279088,41.600000000000,5
FORD,Under 3,63316,14.300000000000,1
MG,7-9,8285,29.500000000000,4
KIA,3-4,142938,13.700000000000,2
TOYOTA,3-4,193187,11.500000000000,2
SKODA,3-4,109020,12.200000000000,2
DACIA,10+,23455,41.700000000000,5
TESLA,Under 3,13788,13.800000000000,1
MG,10+,2099,36.100000000000,5
NISSAN,7-9,404105,27.100000000000,4
TOYOTA,Under 3,44462,8.400000000000,1
FORD,3-4,397175,15.800000000000,2
KIA,5-6,157249,16.800000000000,3
VAUXHALL,Under 3,32933,13.400000000000,1
MG,5-6,14724,23.200000000000,3
MG,Under 3,16297,11.900000000000,1
DACIA,3-4,34337,18.900000000000,2
HYUNDAI,7-9,197748,23.400000000000,4
MG,3-4,39544,14.000000000000,2
HYUNDAI,Under 3,24893,11.700000000000,1
FORD,10+,1864185,41.300000000000,5
NISSAN,3-4,160059,13.000000000000,2
KIA,Under 3,38688,10.700000000000,1
SKODA,Under 3,20385,10.200000000000,1
VAUXHALL,7-9,633741,31.000000000000,4
VAUXHALL,3-4,230059,17.500000000000,2
HYUNDAI,5-6,142585,16.400000000000,3
TESLA,3-4,50354,16.400000000000,2
VAUXHALL,10+,1303920,42.200000000000,5
NISSAN,5-6,208607,18.800000000000,3
DACIA,5-6,42225,25.600000000000,3
SKODA,5-6,128840,15.500000000000,3
