make,failure_category,failure_items,share_of_make_failures_pct
DACIA,Exhaust and emissions,3673,3.900000000000
DACIA,Other,220,0.200000000000
DACIA,Lighting and electrical,29440,30.900000000000
DACIA,Suspension,13156,13.800000000000
DACIA,Brakes,14747,15.500000000000
DACIA,Seat belts,1241,1.300000000000
DACIA,Visibility,12314,12.900000000000
DACIA,Body and structure,7486,7.900000000000
DACIA,Road wheels,275,0.300000000000
DACIA,Steering,3030,3.200000000000
DACIA,Tyres,9550,10.000000000000
FORD,Exhaust and emissions,172028,6.600000000000
FORD,Suspension,479129,18.300000000000
FORD,Other,15064,0.600000000000
FORD,Seat belts,34574,1.300000000000
FORD,Brakes,359337,13.700000000000
FORD,Visibility,201942,7.700000000000
FORD,Steering,91301,3.500000000000
FORD,Body and structure,181236,6.900000000000
FORD,Tyres,310580,11.900000000000
FORD,Lighting and electrical,756267,28.900000000000
FORD,Road wheels,15940,0.600000000000
HYUNDAI,Other,1889,0.500000000000
HYUNDAI,Road wheels,1631,0.400000000000
HYUNDAI,Body and structure,14293,3.600000000000
HYUNDAI,Visibility,43676,10.900000000000
HYUNDAI,Lighting and electrical,98540,24.500000000000
HYUNDAI,Steering,17538,4.400000000000
HYUNDAI,Tyres,49328,12.300000000000
HYUNDAI,Brakes,102283,25.400000000000
HYUNDAI,Exhaust and emissions,16262,4.000000000000
HYUNDAI,Suspension,51774,12.900000000000
HYUNDAI,Seat belts,5139,1.300000000000
KIA,Visibility,45848,10.700000000000
KIA,Brakes,105112,24.600000000000
KIA,Body and structure,15105,3.500000000000
KIA,Suspension,61331,14.400000000000
KIA,Tyres,59291,13.900000000000
KIA,Other,2189,0.500000000000
KIA,Seat belts,5422,1.300000000000
KIA,Lighting and electrical,86683,20.300000000000
KIA,Road wheels,2050,0.500000000000
KIA,Exhaust and emissions,19045,4.500000000000
KIA,Steering,24479,5.700000000000
MG,Suspension,1855,8.200000000000
MG,Visibility,2110,9.300000000000
MG,Other,163,0.700000000000
MG,Lighting and electrical,6167,27.300000000000
MG,Body and structure,397,1.800000000000
MG,Road wheels,80,0.400000000000
MG,Seat belts,624,2.800000000000
MG,Steering,412,1.800000000000
MG,Brakes,5031,22.300000000000
MG,Tyres,4825,21.400000000000
MG,Exhaust and emissions,928,4.100000000000
NISSAN,Body and structure,61007,5.900000000000
NISSAN,Suspension,241718,23.500000000000
NISSAN,Visibility,89460,8.700000000000
NISSAN,Seat belts,22487,2.200000000000
NISSAN,Exhaust and emissions,51209,5.000000000000
NISSAN,Brakes,152741,14.800000000000
NISSAN,Lighting and electrical,241456,23.500000000000
NISSAN,Road wheels,7790,0.800000000000
NISSAN,Tyres,93236,9.100000000000
NISSAN,Steering,62815,6.100000000000
NISSAN,Other,4740,0.500000000000
SKODA,Seat belts,5815,1.800000000000
SKODA,Lighting and electrical,69962,21.600000000000
SKODA,Brakes,61368,19.000000000000
SKODA,Road wheels,1846,0.600000000000
SKODA,Suspension,64467,19.900000000000
SKODA,Steering,6549,2.000000000000
SKODA,Exhaust and emissions,23044,7.100000000000
SKODA,Visibility,21777,6.700000000000
SKODA,Body and structure,20551,6.400000000000
SKODA,Other,1726,0.500000000000
SKODA,Tyres,46521,14.400000000000
TESLA,Other,253,1.400000000000
TESLA,Tyres,11140,63.400000000000
TESLA,Suspension,1652,9.400000000000
TESLA,Seat belts,93,0.500000000000
TESLA,Exhaust and emissions,12,0.100000000000
TESLA,Body and structure,207,1.200000000000
TESLA,Visibility,1227,7.000000000000
TESLA,Brakes,747,4.300000000000
TESLA,Lighting and electrical,1879,10.700000000000
TESLA,Road wheels,243,1.400000000000
TESLA,Steering,117,0.700000000000
TOYOTA,Seat belts,12203,1.500000000000
TOYOTA,Visibility,79543,10.000000000000
TOYOTA,Brakes,140646,17.600000000000
TOYOTA,Lighting and electrical,254084,31.800000000000
TOYOTA,Body and structure,47536,6.000000000000
TOYOTA,Steering,9216,1.200000000000
TOYOTA,Road wheels,4090,0.500000000000
TOYOTA,Exhaust and emissions,46026,5.800000000000
TOYOTA,Other,5759,0.700000000000
TOYOTA,Suspension,120984,15.200000000000
TOYOTA,Tyres,77821,9.800000000000
VAUXHALL,Lighting and electrical,457733,24.200000000000
VAUXHALL,Brakes,310403,16.400000000000
VAUXHALL,Steering,84980,4.500000000000
VAUXHALL,Tyres,197476,10.400000000000
VAUXHALL,Other,9751,0.500000000000
VAUXHALL,Road wheels,8102,0.400000000000
VAUXHALL,Exhaust and emissions,150403,7.900000000000
VAUXHALL,Body and structure,114769,6.100000000000
VAUXHALL,Seat belts,20676,1.100000000000
VAUXHALL,Suspension,378291,20.000000000000
VAUXHALL,Visibility,162360,8.600000000000
