make,fuel_group,tests,failure_rate_pct
NISSAN,Hybrid,14422,9.300000000000
FORD,Other,551,32.500000000000
TESLA,Diesel,1,0.000000000000
VAUXHALL,Diesel,817210,37.800000000000
SKODA,Hybrid,6222,12.600000000000
MG,Diesel,828,35.100000000000
SKODA,Diesel,275504,27.500000000000
DACIA,Petrol,105461,26.300000000000
MG,Electric,21806,13.500000000000
VAUXHALL,Hybrid,2205,19.100000000000
VAUXHALL,Electric,12040,17.900000000000
TOYOTA,Other,3777,33.000000000000
MG,Hybrid,2114,7.100000000000
FORD,Diesel,1727985,32.400000000000
NISSAN,Other,149,32.900000000000
KIA,Petrol,456370,25.700000000000
TOYOTA,Hybrid,501818,17.000000000000
DACIA,Diesel,61963,36.100000000000
KIA,Hybrid,60694,12.900000000000
MG,Petrol,56194,19.000000000000
VAUXHALL,Other,407,44.000000000000
DACIA,Hybrid,64,1.600000000000
FORD,Petrol,2118304,30.900000000000
NISSAN,Diesel,530328,36.000000000000
FORD,Hybrid,13656,11.200000000000
SKODA,Petrol,422926,21.600000000000
HYUNDAI,Electric,21852,11.200000000000
HYUNDAI,Diesel,185309,32.200000000000
NISSAN,Petrol,877146,30.500000000000
TESLA,Petrol,1,0.000000000000
HYUNDAI,Hybrid,69828,13.300000000000
FORD,Electric,3078,10.500000000000
NISSAN,Electric,50969,20.100000000000
TESLA,Electric,79492,16.600000000000
TOYOTA,Electric,2654,31.200000000000
SKODA,Other,35,22.900000000000
KIA,Other,30,43.300000000000
VAUXHALL,Petrol,1682966,32.600000000000
KIA,Diesel,284213,31.100000000000
TOYOTA,Diesel,236979,32.100000000000
HYUNDAI,Petrol,476985,27.300000000000
TOYOTA,Petrol,732926,29.800000000000
DACIA,Other,2567,16.600000000000
MG,Other,7,42.900000000000
KIA,Electric,27631,11.200000000000
SKODA,Electric,3649,12.700000000000
HYUNDAI,Other,45,35.600000000000
